"id","name","cost","converted_cost","type","text","stats","rarity"
198981,"Stolen by the Fae","{X}{U}{U}",2,"Sorcery","Return target creature with converted mana cost X to its owner's hand. You create X 1/1 blue Faerie creature tokens with flying.",,"rare"
192783,"Eternal Isolation","{1}{W}",2,"Sorcery","Put target creature with power 4 or greater on the bottom of its owner's library.",,"uncommon"
192783,"Eternal Isolation","{1}{W}",2,"Sorcery","Put target creature with power 4 or greater on the bottom of its owner's library.",,"uncommon"
192504,"Corpse Knight","{W}{B}",2,"Creature - Zombie Knight","Whenever another creature enters the battlefield under your control, each opponent loses 1 life.","2/2","uncommon"
183427,"Orzhov Enforcer","{1}{B}",2,"Creature - Human Rogue","Deathtouch\nAfterlife 1 (When this creature dies, create a 1/1 white and black Spirit creature token with flying.)","1/2","uncommon"
